metric,value
initial_price,0.7041757702827454
final_price,0.7370667060075232
total_return,0.04670841729128406
volatility,0.0012570033928130787
total_trades,15233.0
mean_return,4.5650399588302136e-05
std_return,0.0012570033928130787
min_price,0.7024687132251567
max_price,0.7431039474497576
