metric,value
initial_price,0.7041757702827454
final_price,0.7359649964710238
total_return,0.04514387959630331
volatility,0.0012681542944938814
total_trades,14785.0
mean_return,4.4154559763440235e-05
std_return,0.0012681542944938814
min_price,0.7019454501369864
max_price,0.7405884946910097
