metric,value
initial_price,0.7041757702827454
final_price,0.7359650146484239
total_return,0.04514390541002896
volatility,0.0012681542073459744
total_trades,14785.0
mean_return,4.415458446216913e-05
std_return,0.0012681542073459744
min_price,0.7019454501369857
max_price,0.7405884975178464
