metric,value
initial_price,0.7041757702827454
final_price,0.7359650185223078
total_return,0.045143910911331395
volatility,0.00126815418877339
total_trades,14785.0
mean_return,4.4154589725848515e-05
std_return,0.00126815418877339
min_price,0.7019454501369856
max_price,0.7405884981202917
